"HOSTNAME","IP","POD","APP_TIER"
"app-1-pod-11","192.168.111.201","11","app"
"app-2-pod-11","192.168.111.202","11","app"
"app-3-pod-11","192.168.111.203","11","app"
"db-1-pod-11","192.168.111.204","11","db"
"db-2-pod-11","192.168.111.205","11","db"
"db-3-pod-11","192.168.111.206","11","db"
"haproxy-app-pod-11","192.168.111.207","11","haproxy-app"
"haproxy-db-pod-11","192.168.111.208","11","haproxy-db"
"load-sim-pod-11","192.168.111.209","11","load-sim"
"app-1-pod-12","192.168.112.201","12","app"
"app-2-pod-12","192.168.112.202","12","app"
"app-3-pod-12","192.168.112.203","12","app"
"db-1-pod-12","192.168.112.204","12","db"
"db-2-pod-12","192.168.112.205","12","db"
"db-3-pod-12","192.168.112.206","12","db"
"haproxy-app-pod-12","192.168.112.207","12","haproxy-app"
"haproxy-db-pod-12","192.168.112.208","12","haproxy-db"
"load-sim-pod-12","192.168.112.209","12","load-sim"
"app-1-pod-13","192.168.113.201","13","app"
"app-2-pod-13","192.168.113.202","13","app"
"app-3-pod-13","192.168.113.203","13","app"
"db-1-pod-13","192.168.113.204","13","db"
"db-2-pod-13","192.168.113.205","13","db"
"db-3-pod-13","192.168.113.206","13","db"
"haproxy-app-pod-13","192.168.113.207","13","haproxy-app"
"haproxy-db-pod-13","192.168.113.208","13","haproxy-db"
"load-sim-pod-13","192.168.113.209","13","load-sim"
"app-1-pod-14","192.168.114.201","14","app"
"app-2-pod-14","192.168.114.202","14","app"
"app-3-pod-14","192.168.114.203","14","app"
"db-1-pod-14","192.168.114.204","14","db"
"db-2-pod-14","192.168.114.205","14","db"
"db-3-pod-14","192.168.114.206","14","db"
"haproxy-app-pod-14","192.168.114.207","14","haproxy-app"
"haproxy-db-pod-14","192.168.114.208","14","haproxy-db"
"load-sim-pod-14","192.168.114.209","14","load-sim"
"app-1-pod-15","192.168.115.201","15","app"
"app-2-pod-15","192.168.115.202","15","app"
"app-3-pod-15","192.168.115.203","15","app"
"db-1-pod-15","192.168.115.204","15","db"
"db-2-pod-15","192.168.115.205","15","db"
"db-3-pod-15","192.168.115.206","15","db"
"haproxy-app-pod-15","192.168.115.207","15","haproxy-app"
"haproxy-db-pod-15","192.168.115.208","15","haproxy-db"
"load-sim-pod-15","192.168.115.209","15","load-sim"
"app-1-pod-16","192.168.116.201","16","app"
"app-2-pod-16","192.168.116.202","16","app"
"app-3-pod-16","192.168.116.203","16","app"
"db-1-pod-16","192.168.116.204","16","db"
"db-2-pod-16","192.168.116.205","16","db"
"db-3-pod-16","192.168.116.206","16","db"
"haproxy-app-pod-16","192.168.116.207","16","haproxy-app"
"haproxy-db-pod-16","192.168.116.208","16","haproxy-db"
"load-sim-pod-16","192.168.116.209","16","load-sim"
"app-1-pod-17","192.168.117.201","17","app"
"app-2-pod-17","192.168.117.202","17","app"
"app-3-pod-17","192.168.117.203","17","app"
"db-1-pod-17","192.168.117.204","17","db"
"db-2-pod-17","192.168.117.205","17","db"
"db-3-pod-17","192.168.117.206","17","db"
"haproxy-app-pod-17","192.168.117.207","17","haproxy-app"
"haproxy-db-pod-17","192.168.117.208","17","haproxy-db"
"load-sim-pod-17","192.168.117.209","17","load-sim"
"app-1-pod-18","192.168.118.201","18","app"
"app-2-pod-18","192.168.118.202","18","app"
"app-3-pod-18","192.168.118.203","18","app"
"db-1-pod-18","192.168.118.204","18","db"
"db-2-pod-18","192.168.118.205","18","db"
"db-3-pod-18","192.168.118.206","18","db"
"haproxy-app-pod-18","192.168.118.207","18","haproxy-app"
"haproxy-db-pod-18","192.168.118.208","18","haproxy-db"
"load-sim-pod-18","192.168.118.209","18","load-sim"
